path,width,height,orientation,brightness,saturation_proxy,clip_low_pct,clip_high_pct,r_mean,g_mean,b_mean,size_bytes,fast_sha1
/Volumes/未命名/大模型/原图1/DSC05364_副本.JPG,2000,1333,landscape,48.06,1.24,5.262,0.0,49.8,47.37,47.01,597974,c06f438bd576451a3a70f3b1b579ebe97120a165
/Volumes/未命名/大模型/原图1/DAP00893.JPG,2000,1333,landscape,58.72,5.46,0.94,0.349,64.88,59.66,51.61,879047,45696cc89d3dc5ee0fad2d16b982cfc72acaeeaf
/Volumes/未命名/大模型/原图1/058A1535.JPG,4000,2667,landscape,153.1,9.92,1.073,0.588,163.36,156.24,139.69,3236707,ab6793c25b97b4a10b0d59f2c03b1c6bf614f769
/Volumes/未命名/大模型/原图1/DAP02945.JPG,2000,1333,landscape,104.96,33.65,0.044,0.044,152.54,81.35,80.99,1419377,2a682f58a05d5419e96ac6ae64812fa6a3c4cd34
/Volumes/未命名/大模型/原图1/DSC01334.JPG,1125,2000,portrait,148.01,12.01,0.125,0.016,152.58,131.56,159.89,2551649,13d7418928f2a760b7c730ed8c0a4e119ba4fa93
/Volumes/未命名/大模型/原图1/AAA02327.JPG,2666,4000,portrait,103.17,9.63,0.0,0.0,100.78,92.75,115.98,2879074,12e9dd22d0c713185fe6391e6afba787fdb51cf6
/Volumes/未命名/大模型/原图1/DAP00028 2.JPG,2000,1333,landscape,154.04,1.52,2.845,0.071,155.02,151.89,155.2,806560,fed9495e2e0bdc70ae36707124dc2565a9838106
/Volumes/未命名/大模型/原图1/DAP09513.JPG,2000,1333,landscape,112.01,13.42,0.002,0.393,122.63,93.07,120.32,1170239,59f9479a14bd3758da73111a620d9bae1c7dcee4
/Volumes/未命名/大模型/原图1/DAP00524 3.JPG,1333,2000,portrait,56.28,30.24,0.85,0.0,98.75,39.36,30.72,855413,bd73f84c80014ff5fa10d127be6fc2e5397c729e
/Volumes/未命名/大模型/原图1/DAP02665 2.JPG,2000,1333,landscape,64.11,21.4,0.462,1.11,90.32,64.1,37.91,973549,d4240835cc3323732e602276c763de2d32e3486c
/Volumes/未命名/大模型/原图1/DAP03514.JPG,1333,2000,portrait,65.68,13.86,0.179,0.322,76.67,74.24,46.12,766900,cc44b852d3517f8e080eccd4b046cfac028d4427
/Volumes/未命名/大模型/原图1/DAP02009(1).JPG,2000,1333,landscape,97.86,17.85,1.68,0.967,74.51,101.24,117.84,843453,ed9a01d0929a459d775a8d8a522c3286aff99607
/Volumes/未命名/大模型/原图1/DAP09860 3.JPG,2000,1333,landscape,157.45,6.1,7.004,0.078,148.82,162.09,161.42,728655,a9a66b12b6b699442e112f3a33d172b67cfa44c7
/Volumes/未命名/大模型/原图1/DAP04476 2.JPG,1333,2000,portrait,75.28,10.85,1.448,1.519,88.42,75.55,61.85,822373,faa1ead24b1921ff99e85ef3cdf83d180dfbe158
/Volumes/未命名/大模型/原图1/AAA04727.JPG,2666,4000,portrait,116.41,9.77,0.067,0.0,113.8,105.97,129.46,3146066,9e55c91fe06a5a02879f8d472f74c73f23566187
/Volumes/未命名/大模型/原图1/DSC04674.JPG,1333,2000,portrait,27.73,1.07,12.339,0.345,26.88,27.06,29.24,535697,a209e1e3de13ef0f3e0c3c98c4ff9c940de3bc18
/Volumes/未命名/大模型/原图1/DSC05531(1).JPG,2000,1333,landscape,122.83,0.66,0.253,0.007,123.76,122.31,122.42,1185992,9295ba16e8139cd8270c69b624089b5fe36fa78f
/Volumes/未命名/大模型/原图1/DAP07673.JPG,2000,1333,landscape,109.1,75.13,0.007,0.131,214.55,45.17,67.58,1412194,3b65afac17610238f0d419f8ec5b6d6b54eb5705
/Volumes/未命名/大模型/原图1/DSC05153_副本.JPG,2000,1333,landscape,87.51,6.41,1.326,2.185,79.44,87.96,95.13,753275,44924b8d72ed8dadbb604b6d3e63f086cb605f9a
/Volumes/未命名/大模型/原图1/DAP00943 3.JPG,1333,2000,portrait,105.73,15.74,3.663,0.046,127.89,96.39,92.9,742126,fa6e577fb2b7d3e883e7decc3a4330ef16c94b23
/Volumes/未命名/大模型/原图1/DAP09904 2.JPG,2000,1333,landscape,150.79,11.86,7.946,20.057,134.06,160.22,158.09,676749,4fb04e9706701c5b6950b585e7beecc27af81134
/Volumes/未命名/大模型/原图1/AAA01966.JPG,4000,2666,landscape,106.4,10.27,0.062,0.057,120.88,100.12,98.19,2897576,7b3143b2495fbfecbb6c1abd5be1f6de199aee61
/Volumes/未命名/大模型/原图1/DAP09824.JPG,2000,1333,landscape,85.4,30.31,0.011,0.0,127.87,69.14,59.18,1324850,f0ff1d93bf7e77a7c5d63a81800e837395cf7ad2
/Volumes/未命名/大模型/原图1/DAP02028.JPG,2000,1333,landscape,95.13,20.69,0.08,0.005,123.96,84.99,76.43,1163480,4e1ae8653009f18221dc158ad21e3f47acf33fb5
/Volumes/未命名/大模型/原图1/DAP01219 2.JPG,2000,1333,landscape,133.84,8.53,0.011,5.903,143.34,135.54,122.64,748855,0aad39ef8ab6c40833d3403f9b2a47be1cacabb0
/Volumes/未命名/大模型/原图1/DAP03788.JPG,1333,2000,portrait,95.64,9.13,0.524,0.572,107.09,95.1,84.74,913421,2a85a2b59ca0bcdbb57b9472599647a0336821cd
/Volumes/未命名/大模型/原图1/PANA2658.JPG,4000,2666,landscape,127.49,7.8,0.901,0.092,133.58,132.42,116.48,2594400,11b80c12f3416c5453c543f4070759f954382478
/Volumes/未命名/大模型/原图1/DSC02714.JPG,2000,1333,landscape,120.8,12.74,0.195,4.472,138.62,114.24,109.54,2811744,8ae4ac0328cfb212325bc53df00e08c62f70db28
/Volumes/未命名/大模型/原图1/DSC05902(1).JPG,2000,1333,landscape,162.73,13.17,0.002,20.08,181.03,150.6,156.55,1110935,1e44755b50ef6ec19f32636a0781fb866fd58501
/Volumes/未命名/大模型/原图1/DAP05617.JPG,1333,2000,portrait,91.82,7.62,0.547,1.305,102.03,83.71,89.73,867059,56e835495e1da255160937ed0d8ac741ded4d83a
/Volumes/未命名/大模型/原图1/DAP00735 3.JPG,1333,2000,portrait,83.11,20.42,0.653,0.0,111.99,68.12,69.23,650428,5f27de4e1dc3194b50906b1f0649cf40fd23b316
/Volumes/未命名/大模型/原图1/DAP09550 2.JPG,2000,1333,landscape,88.43,10.6,2.102,0.949,100.52,74.7,90.08,1074804,1fdefcc0e34ec28155720ebcc5f425b861156f4d
/Volumes/未命名/大模型/原图1/DSC05314(1).JPG,2000,1333,landscape,164.26,5.92,0.002,0.29,156.48,165.47,170.84,835550,2579c72b971c861d5f3808140ad393d7582fab35
/Volumes/未命名/大模型/原图1/DAP04477(1).JPG,2000,1333,landscape,100.68,10.59,5.076,7.56,115.61,92.26,94.15,874380,52234b4179bd6a706d8bab903498779898c27a59
/Volumes/未命名/大模型/原图1/DAP02591.JPG,2000,1333,landscape,127.83,7.41,0.08,3.52,118.99,127.37,137.12,1023473,779dece4a8f87342c071f8c171ed416d5abe1089
/Volumes/未命名/大模型/原图1/483A5798.JPG,4000,2666,landscape,45.6,12.43,5.42,0.136,39.05,34.76,63.01,1389862,e61ddf4432dd5f0f6c70be5f97ba58b1417e8d96
/Volumes/未命名/大模型/原图1/DAP01787.JPG,1333,2000,portrait,47.35,12.8,10.834,0.0,65.35,40.06,36.66,871555,147a375f436ccb56c106183c4367880e066a6b23
/Volumes/未命名/大模型/原图1/DSC05173.JPG,1333,2000,portrait,36.26,5.11,8.876,0.002,29.55,37.31,41.93,735728,9136a8a39856da4035650cf8f8c05f0ab9e29f5d
/Volumes/未命名/大模型/原图1/DSC03949.JPG,1333,2000,portrait,97.82,7.96,0.018,0.269,92.05,92.32,109.07,880206,d80d4dc94761fe11900615c604141410e8298a52
/Volumes/未命名/大模型/原图1/AAA03444.JPG,2666,4000,portrait,108.56,9.53,0.002,0.0,105.09,99.02,121.58,2968153,0928b0bbffd248584a58d132d2d48ffa5056f08e
/Volumes/未命名/大模型/原图1/DAP05163.JPG,2000,1333,landscape,80.46,7.45,1.199,0.0,90.63,77.78,72.97,921007,c1741084ca8a83bc4da34a47c40671d0490adb74
/Volumes/未命名/大模型/原图1/DAP02289 2.JPG,1333,2000,portrait,73.32,7.13,0.23,0.202,83.33,67.29,69.32,863959,84c7d70232bed0dba5c15ce058471637e8cab2c1
/Volumes/未命名/大模型/原图1/DAP07035.JPG,2000,1333,landscape,53.18,5.52,6.197,0.703,60.1,52.85,46.59,988131,90efd4c82e3367326f0a65a604a4478d83f18f44
/Volumes/未命名/大模型/原图1/DAP05447.JPG,2000,1333,landscape,108.95,7.96,0.0,0.007,98.01,112.13,116.72,906250,fea5c0f0c30fb93660412bfdfbbd876b6e10f76b
/Volumes/未命名/大模型/原图1/DAP02972.JPG,2000,1333,landscape,77.46,28.61,4.361,0.0,114.95,45.52,71.92,1734539,055526814839006b6c342cac424119a9d43e2f7d
/Volumes/未命名/大模型/原图1/DAP00630 2.JPG,1333,2000,portrait,71.44,17.46,0.418,0.0,79.32,87.76,47.23,1530824,55238780734a52b3e07b8cc4a758028458b32ad9
/Volumes/未命名/大模型/原图1/DAP02298(1).JPG,2000,1333,landscape,126.33,9.2,0.0,0.0,115.18,126.1,137.71,894999,0b6d773e272f0e6dfe90103052b25d4839245d24
/Volumes/未命名/大模型/原图1/DAP02753.JPG,2000,1333,landscape,79.12,31.41,0.234,0.623,123.13,62.31,51.91,1004725,5286c7493d946ec9f29b8ec35a24f3ed07a12389
/Volumes/未命名/大模型/原图1/DAP07296.JPG,2000,1333,landscape,93.37,5.4,1.029,0.195,100.7,91.56,87.85,927164,0a765e9638159df629c56bb10686d6988264de5f
/Volumes/未命名/大模型/原图1/DAP02456.JPG,1333,2000,portrait,119.63,19.94,0.0,0.009,143.93,119.86,95.09,916192,df1fd061d00adecf0350d22ba4be142d0e993726
/Volumes/未命名/大模型/原图1/AAA02386.JPG,4000,2666,landscape,118.36,10.05,0.002,0.0,118.28,106.09,130.7,2375465,7e720e6a6abd1b149a7e4ee61083f0146741e4bc
/Volumes/未命名/大模型/原图1/DAP05139.JPG,1333,2000,portrait,115.35,5.82,0.016,0.386,122.17,115.92,107.96,1349209,ca13079e31998d4a369279921d9824881e78c46e
/Volumes/未命名/大模型/原图1/DSC04948(1).JPG,2000,1333,landscape,132.62,10.61,0.0,0.122,122.71,127.83,147.33,728375,2aef8719c4b60360b16b5edf0b38c0cae8058d59
/Volumes/未命名/大模型/原图1/DSC05897.JPG,4000,2666,landscape,44.48,2.86,5.448,0.011,46.37,40.45,46.63,2041414,83d01dfc045d4c2cc9c73a7112b822fa31b091d8
/Volumes/未命名/大模型/原图1/AAA03842.JPG,4000,2666,landscape,108.83,10.98,0.007,0.0,115.91,93.32,117.27,2537157,5aef1a9368c4d9307b6b1429a5a89003faba7b12
/Volumes/未命名/大模型/原图1/AAA02916.JPG,2666,4000,portrait,118.03,8.63,0.007,0.0,116.26,108.47,129.38,2904146,e5e932b1643395b86d94188528d1d4d5e97f81be
/Volumes/未命名/大模型/原图1/DSC01763(1).JPG,2000,1333,landscape,182.12,17.39,0.315,0.163,158.15,189.31,198.89,2527941,b4e73837e4c9fc045f06fb687622fecc292fd8ea
/Volumes/未命名/大模型/原图1/DAP02809.JPG,2000,1333,landscape,74.83,4.83,0.648,0.0,80.79,68.97,74.72,1272861,88747f6c1921ee6dba127a702d2e9c989a857f55
/Volumes/未命名/大模型/原图1/DAP09205 2.JPG,1333,2000,portrait,120.34,8.59,0.005,0.145,108.3,124.93,127.78,1422213,e063cd0534bc1508bc462dae7ac0f767439413b5
/Volumes/未命名/大模型/原图1/DAP08199.JPG,2000,1333,landscape,91.16,7.44,0.267,0.071,100.45,90.82,82.22,805646,a295f886a6dab0c2804b7f8f6209af577ba016e7
/Volumes/未命名/大模型/原图1/DSC06063.JPG,2000,1333,landscape,67.65,1.0,0.172,0.064,66.77,67.14,69.04,658353,70eab8e09ad46118f3c7a28d329a11bdc2435563
/Volumes/未命名/大模型/原图1/AAA02442.JPG,4000,2666,landscape,110.64,11.34,0.016,0.0,113.83,95.43,122.66,2493591,9d30de64d755ddb7b6eb52dbab7f8ff37c76d65b
/Volumes/未命名/大模型/原图1/DSC01473.JPG,4000,2666,landscape,170.36,12.82,0.0,2.075,188.49,161.15,161.45,1736841,3ca99c9c1d913bf9b144327a565bf35e1edc637e
/Volumes/未命名/大模型/原图1/DAP02417.JPG,2000,1333,landscape,77.81,19.42,2.155,0.349,105.07,67.06,61.31,949790,2f7fd9d52e2e684fd1d7ebe83d2adc3c160e958f
/Volumes/未命名/大模型/原图1/DSC01663.JPG,2000,1125,landscape,188.34,11.88,0.0,0.163,194.93,171.66,198.44,3397921,666fd75ce01ad5d5504166220a590516dd14abe5
/Volumes/未命名/大模型/原图1/DSC02201(1).JPG,2000,1333,landscape,131.03,4.08,0.016,7.3,135.63,125.71,131.75,2600134,6d5ba715f50e374fdb7aace8a3f59edcb1122efd
/Volumes/未命名/大模型/原图1/DAP01494.JPG,1333,2000,portrait,95.03,22.05,0.08,0.0,126.2,78.61,80.29,834783,12ffcc05ddf5c3f0469c360701e1ee8658423ed8
/Volumes/未命名/大模型/原图1/483A6214.JPG,4176,2784,landscape,47.98,4.67,5.786,0.002,47.2,42.67,54.05,4656543,a3b461c6e8e76b73c58486415522997f53c07371
/Volumes/未命名/大模型/原图1/DAP01893.JPG,2000,1333,landscape,109.09,41.36,0.099,0.0,167.57,78.72,80.99,942690,e49df5393dedf78f4892d857b9047474001bea39
/Volumes/未命名/大模型/原图1/DSC04920(1).JPG,2000,1333,landscape,134.33,8.04,0.0,0.441,135.47,123.97,143.57,952984,c775d39f6e0aa34b03773da3f7a2bd300df5ffe8
/Volumes/未命名/大模型/原图1/DSC05779.JPG,4000,2666,landscape,129.07,39.87,0.0,5.416,184.73,93.42,109.07,2940128,c83146e1ac5b77c30260175c3ba34c156f972e7d
/Volumes/未命名/大模型/原图1/DAP09056.JPG,2000,1333,landscape,102.18,3.42,0.025,5.588,98.22,101.78,106.56,1085766,8e6d4a17fb78d5cd2a8187a18b8de734991d9e5c
/Volumes/未命名/大模型/原图1/PANA2009.JPG,4000,2666,landscape,142.47,17.02,1.406,0.0,164.07,140.85,122.48,1862060,32547daf3eb03751cf4b20a4c0274e8c0f855717
/Volumes/未命名/大模型/原图1/DAP01188 2.JPG,2000,1333,landscape,120.28,10.87,0.391,0.097,133.95,119.54,107.36,1161398,337a36ea15b88780ed07267676bfe0a25546fb01
/Volumes/未命名/大模型/原图1/DAP02602 2.JPG,2000,1333,landscape,128.01,13.62,0.483,5.643,111.93,126.87,145.24,987713,56586922ba0b961416c4ca8a6a04def112d14bdf
/Volumes/未命名/大模型/原图1/DAP03483.JPG,1333,2000,portrait,55.31,15.6,33.736,1.551,72.52,58.65,34.75,855969,476753dfbd1e5501f5dd9872f06233dbd256bf94
/Volumes/未命名/大模型/原图1/AAA04090_副本.JPG,4000,2666,landscape,103.86,8.35,0.0,0.0,102.74,94.24,114.61,4366267,6fac8cdbb359594deb6d58d42f11ca7684b15c05
/Volumes/未命名/大模型/原图1/483A6171.JPG,6720,4480,landscape,54.28,4.89,6.133,0.094,60.42,48.46,53.98,10634012,64340121a5004550a95f33b679e9a1478da39691
/Volumes/未命名/大模型/原图1/DAP08281.JPG,2000,1333,landscape,131.0,44.2,0.007,0.002,193.37,103.4,96.21,1132546,4adaeb0c647073ee135f0eb7802ff72ab31e1d7f
/Volumes/未命名/大模型/原图1/DAP07579.JPG,2000,1333,landscape,117.47,11.99,0.023,0.131,133.56,104.79,114.07,906203,3e0d9e5f9724391b468ae5905997383c83506748
/Volumes/未命名/大模型/原图1/DAP04225.JPG,2000,1333,landscape,77.09,6.59,0.63,0.002,84.68,77.98,68.62,774509,c9eb0dd4f8818c52d591a2af1372637527ce81d0
/Volumes/未命名/大模型/原图1/DAP07622.JPG,2000,1333,landscape,79.12,3.94,3.182,2.875,79.4,74.16,83.8,980095,8529d1643e486e42c0e589f049b42c475897d29a
/Volumes/未命名/大模型/原图1/AAA01442.JPG,2666,4000,portrait,138.77,9.76,0.0,0.0,143.5,125.18,147.64,2281071,57acbacc766bb5471d7f6b0e68b8f28d0bb0ae50
/Volumes/未命名/大模型/原图1/DAP09261 2.JPG,2000,1333,landscape,48.18,4.2,0.887,0.007,48.62,53.09,42.84,1517066,f0dce1b1676472a7918ad41c4c6f1aff29c2c19a
/Volumes/未命名/大模型/原图1/DSC03909(2).JPG,2000,1333,landscape,161.79,14.48,0.152,0.756,141.79,168.0,175.58,2703619,7cb1d468a48ebb20f3a301c2848955ba71efc23b
/Volumes/未命名/大模型/原图1/DSC02715.JPG,2000,1333,landscape,123.74,11.64,0.14,4.766,139.98,117.98,113.28,2839713,2ab4846ec1f13fb7a9fbf9540fdfdbfb6d521683
/Volumes/未命名/大模型/原图1/DAP08678.JPG,2000,1333,landscape,108.49,6.1,0.935,0.023,116.65,106.84,101.99,1026805,448399f4353c4a9697213b7c2cfbbca0321f4345
/Volumes/未命名/大模型/原图1/DAP00637 3.JPG,2000,1333,landscape,44.06,7.88,6.273,0.002,54.87,40.97,36.33,779369,6806d8bf3bde1730ab6df7a927ece9088fa0dca8
/Volumes/未命名/大模型/原图1/DAP02617(1).JPG,2000,1333,landscape,125.75,15.83,0.0,0.574,105.54,127.51,144.2,1071259,472fee38fe9d4b28fb08ee46cc6f1534a3f8287e
/Volumes/未命名/大模型/原图1/DAP00660.JPG,1333,2000,portrait,113.29,5.58,0.0,0.007,117.98,116.43,105.45,1638743,5141881a87adbb165dcc9dd9b85fe8669f9ce68a
/Volumes/未命名/大模型/原图1/DAP05593.JPG,2000,1333,landscape,130.12,1.98,0.085,0.062,132.83,129.38,128.15,1130831,018dcffe8b0778ef26269a4b28ed1892b416bb45
/Volumes/未命名/大模型/原图1/DSC04435(1).JPG,2000,1333,landscape,149.74,8.82,0.007,0.046,139.51,148.67,161.03,1208466,02192d0920026875a0897d61268c7df16ef7a4a6
/Volumes/未命名/大模型/原图1/DSC04253(2).JPG,2000,1333,landscape,177.19,11.11,0.032,3.348,161.69,182.69,187.18,2533469,456ac44df41cb8abdf01bd58c6ee12499797f782
/Volumes/未命名/大模型/原图1/DSC04119(1).JPG,2000,1333,landscape,146.11,9.15,0.002,0.021,136.17,143.89,158.26,1017429,2ff530bcaa0819a58ebf69042cbe83e333eb6649
/Volumes/未命名/大模型/原图1/DAP00346 3.JPG,2000,1333,landscape,52.8,5.35,3.863,0.0,59.14,53.23,46.04,818043,5f2c6ec10e682cf559d0a00cf085ea12254dce52
/Volumes/未命名/大模型/原图1/DSC04453.JPG,2000,1333,landscape,93.77,6.79,0.508,1.562,85.78,93.15,102.38,1017567,7f8538cd6db7c6d28e496f8afffa0bc6e2c6aa0b
/Volumes/未命名/大模型/原图1/AAA00764.JPG,2666,4000,portrait,149.36,11.73,0.005,0.002,144.23,138.26,165.58,2355882,a47b034b8809e6d128696d7b7c7611c3914e7514
/Volumes/未命名/大模型/原图1/DAP07097 2.JPG,2000,1333,landscape,106.25,10.03,0.662,0.0,116.12,110.15,92.49,1184760,9b108effc0c68c706bbdb25dacb7ab7058fc0157
/Volumes/未命名/大模型/原图1/AAA02970.JPG,4000,2666,landscape,104.63,7.44,0.002,0.0,103.02,96.43,114.44,4724107,cc659b29335b93859a96a79a8bc2350940d00b27
/Volumes/未命名/大模型/原图1/DAP02410 2.JPG,1333,2000,portrait,74.17,22.35,10.395,0.324,104.65,66.23,51.65,918641,733c2eca351edec7938311a703ce98eec85dd469
/Volumes/未命名/大模型/原图1/DAP03204(1).JPG,2000,1333,landscape,128.81,28.16,0.0,0.005,90.96,137.03,158.46,1291540,b056cfbf01acae59accee4f652cb4666e46a866a
/Volumes/未命名/大模型/原图1/DSC04989(1).JPG,2000,1333,landscape,171.58,10.84,0.002,17.024,158.06,172.08,184.6,1079654,0d4dcc4bc93a8152089ce31a3d6881e3f04961d4
/Volumes/未命名/大模型/原图1/DAP09758 3.JPG,2000,1333,landscape,62.27,18.4,0.0,0.0,88.13,51.89,46.79,787094,41bfe7fcc7d69203bac410c702e73a3dfee13de5
/Volumes/未命名/大模型/原图1/DSC02197(1).JPG,2000,1333,landscape,135.85,6.05,0.06,7.971,144.38,130.97,132.19,2599467,503de02c789ba872d699943fcb5670cf679b3fd9
/Volumes/未命名/大模型/原图1/DAP03013.JPG,2000,1333,landscape,113.82,42.66,0.124,0.037,173.91,79.05,88.5,1445080,e895eda95b753de7a36a3073cee725ca4b873dcd
/Volumes/未命名/大模型/原图1/DAP07564.JPG,2000,1333,landscape,89.18,8.3,0.2,0.156,82.14,84.56,100.83,1184898,213842547b8e725646e26b12de5832f366eab4af
/Volumes/未命名/大模型/原图1/DAP00218 3.JPG,2000,1333,landscape,84.05,28.99,1.595,0.0,124.64,68.83,58.69,834989,049c83b06eb125b6c4a300119127af16b09bff95
/Volumes/未命名/大模型/原图1/DAP02623.JPG,2000,1333,landscape,46.18,2.17,1.751,0.416,48.15,43.17,47.23,577040,704ab6e0223131fae88c473a70274c263b64c29c
/Volumes/未命名/大模型/原图1/DAP00243 3.JPG,2000,1333,landscape,78.7,28.55,2.574,0.0,118.75,63.08,54.26,802648,76fa61dc29c38b3c7cbb2b5e951fb09ca5525f42
/Volumes/未命名/大模型/原图1/DAP09657 3.JPG,1333,2000,portrait,56.54,3.26,0.257,1.174,59.55,58.07,52.01,1318454,8a6da07e49dfedab7cf08b834a1c5dc989a9c927
/Volumes/未命名/大模型/原图1/DAP05520.JPG,2000,1333,landscape,78.14,2.38,3.78,1.673,76.2,76.73,81.49,937659,c9a4cbacaae8aa84955416e20cd7fffe32b903c9
/Volumes/未命名/大模型/原图1/DSC05273.JPG,2000,1333,landscape,78.85,0.19,1.002,0.0,78.6,79.02,78.95,599783,e8905e2a0b4b410f593ec7fee48724fb32014000
/Volumes/未命名/大模型/原图1/DAP00677 3.JPG,1333,2000,portrait,115.87,16.86,0.414,0.0,139.57,101.8,106.23,704204,52e863bbe286e74fcddf68b0ff9203b23fb48c5d
/Volumes/未命名/大模型/原图1/DSC05874.JPG,4000,2666,landscape,45.67,7.5,0.742,0.0,55.9,38.14,42.97,2365704,b4a43309ef716853d4ad2643e3c4c15c33c088c2
/Volumes/未命名/大模型/原图1/DAP04567.JPG,2000,1333,landscape,116.61,16.18,0.064,0.085,139.36,103.09,107.38,797252,fda15ed64fcfa30a3de6d684c13dce64b7116586
/Volumes/未命名/大模型/原图1/DAP08417.JPG,2000,1333,landscape,122.73,36.14,0.032,0.0,173.54,102.1,92.54,938436,5fd5ae55871432435b51c8a7e98b26233bb47e97
/Volumes/未命名/大模型/原图1/DSC03825(2).JPG,2000,1333,landscape,168.11,15.16,0.827,0.577,147.21,174.41,182.7,2635198,266c344e1d389a80e2d90b7aaa9c79b3afac62d8
/Volumes/未命名/大模型/原图1/DAP00657 3.JPG,2000,1333,landscape,114.62,18.11,0.287,0.119,140.13,103.79,99.93,832059,adca0194ddd6ae9432f09948f0194d9d291a6d16
/Volumes/未命名/大模型/原图1/DAP00877 3.JPG,2000,1333,landscape,108.68,44.16,0.126,2.619,170.94,73.34,81.77,1239518,e846734fa87a0c84430ddcdc6a2a77652edec964
/Volumes/未命名/大模型/原图1/AAA01280.JPG,4000,2666,landscape,129.54,8.43,0.0,0.002,134.37,117.68,136.56,1724851,b5d4f78d65318300c77b41e6693e7c220b07f846
/Volumes/未命名/大模型/原图1/DAP07707.JPG,2000,1333,landscape,63.21,5.27,1.397,3.844,66.41,55.77,67.43,842640,195044ff24561434e1f8c772f1c48e7a5023e312
/Volumes/未命名/大模型/原图1/DAP09485.JPG,2000,1333,landscape,108.83,27.08,0.28,0.044,146.77,94.37,85.35,1117521,fcf6c254a7b8299295a866c88542db39efae9c1d
/Volumes/未命名/大模型/原图1/AAA01508.JPG,2666,4000,portrait,150.11,9.22,0.002,0.136,152.44,137.84,160.06,2720880,28d1ac37b20511c0c17ddd85c389c6fc7b2970bd
/Volumes/未命名/大模型/原图1/DSC05088(1).JPG,2000,1333,landscape,94.37,0.53,0.092,0.023,94.65,94.84,93.63,722373,8ba0345f7fe7e4650987d4ec3cd0edbdb016d6d1
/Volumes/未命名/大模型/原图1/058A1952.JPG,4000,2667,landscape,143.51,2.26,0.267,1.726,141.05,142.96,146.51,2890209,b4219928380743510aa2418334e752a880476f06
/Volumes/未命名/大模型/原图1/DSC01703.JPG,2000,1125,landscape,178.65,11.67,0.011,0.648,190.15,162.65,183.16,2402086,20fedc7df1d82fe78898c6b490886d110b6ecaff
/Volumes/未命名/大模型/原图1/DAP08037.JPG,1333,2000,portrait,126.09,9.09,0.051,0.508,136.36,127.66,114.27,664588,6de3a8ef2d831fa0f7f384444b9306fca9374525
/Volumes/未命名/大模型/原图1/DSC01650_副本.JPG,1125,2000,portrait,170.75,14.79,0.0,0.0,177.66,150.2,184.4,2565570,c429d65a2c4d9fe82feecd1bfb88fc89072dcd60
/Volumes/未命名/大模型/原图1/DSC02055.JPG,4000,2666,landscape,81.19,6.48,0.145,0.083,90.3,77.52,75.74,2449520,6038f085a3033cbfca10c5cb65ea0d59cf850c5b
/Volumes/未命名/大模型/原图1/DAP00336 2.JPG,1333,2000,portrait,72.56,6.91,0.761,0.2,72.34,81.14,64.21,1077445,6c9cb09ee310ed1dec9ec13e62fb9761bfc7222c
/Volumes/未命名/大模型/原图1/DAP05457.JPG,2000,1333,landscape,116.52,9.21,0.0,0.007,103.96,119.79,125.8,860897,7a047ad6f6009d2fda3609b2fafde47890922204
/Volumes/未命名/大模型/原图1/DAP02917.JPG,2000,1333,landscape,49.6,10.96,0.905,0.0,65.11,41.62,42.08,1866160,f2acd8360ee837d08207c09f6fa9ad2b9cd2a6f0
/Volumes/未命名/大模型/原图1/DSC05641_副本.JPG,2000,1333,landscape,106.18,3.83,1.399,1.057,100.77,108.7,109.06,885196,897849b58ba577c2ba205ffa98cab0d5239f2c84
/Volumes/未命名/大模型/原图1/DSC04246.JPG,1333,2000,portrait,97.29,4.82,2.358,0.0,104.12,93.87,93.9,900932,0baeeeef9dc5e3ddaae9c6f30d135bd2b0c34752
/Volumes/未命名/大模型/原图1/DAP00922.JPG,2000,1333,landscape,104.07,5.27,0.179,0.002,110.0,105.02,97.19,869654,2b2983cfbc0a714a1094e07c04c3db79e6e793f0
/Volumes/未命名/大模型/原图1/DAP03668.JPG,1333,2000,portrait,82.97,3.81,1.579,0.0,87.76,82.71,78.44,733586,b4b4445dc9ccce1dd5b314417077b056e4fb3697
/Volumes/未命名/大模型/原图1/DAP02413(1).JPG,2000,1333,landscape,119.47,13.03,0.0,0.0,103.67,119.18,135.58,822442,b0ede806816327c8c51bf0909b3a26ff5f5cda38
/Volumes/未命名/大模型/原图1/AAA01067.JPG,2666,4000,portrait,142.71,7.35,0.0,0.0,146.84,132.38,148.9,2095497,7e49b055527e24b0b234c290c288df9941f541bd
/Volumes/未命名/大模型/原图1/AAA02371.JPG,4000,2666,landscape,103.72,7.92,0.0,0.0,103.85,93.95,113.35,4602423,02818c722fe67d6f38f3ca47b9ac01be894bb0e7
/Volumes/未命名/大模型/原图1/AAA03834.JPG,4000,2666,landscape,100.09,7.62,0.0,0.0,100.08,90.77,109.42,4707788,97842a9ce3268d4a33c84b7676b0293ba66e0c29
/Volumes/未命名/大模型/原图1/DAP04500.JPG,2000,1333,landscape,132.05,14.47,0.002,6.091,152.39,119.94,123.83,1305276,16c6bbb27234b475b153cbe4739c19039a47a63c
/Volumes/未命名/大模型/原图1/DAP09991 2.JPG,2000,1333,landscape,101.4,7.58,0.094,0.009,111.86,98.26,94.09,914407,3bf6ac71d0a8af1a8cb7f5b843a963350f089af1
/Volumes/未命名/大模型/原图1/DAP00231 3.JPG,2000,1333,landscape,67.79,34.51,0.078,0.0,116.48,46.33,40.57,725749,510351406ca3ba93b2b475775dfe4f7bd1913bda
/Volumes/未命名/大模型/原图1/DSC01981.JPG,1125,2000,portrait,138.96,13.56,0.274,0.019,150.22,119.88,146.78,2517147,d5bca2f967aa64a7b556c1f949114b165aac9686
/Volumes/未命名/大模型/原图1/DAP02927.JPG,2000,1333,landscape,111.63,10.17,0.009,0.007,125.93,105.86,103.1,1755126,cdf0dafec4f48969714f7b7a7d0c29e664d8e378
/Volumes/未命名/大模型/原图1/AAA00465.JPG,4000,2666,landscape,134.54,12.53,0.0,0.078,129.53,122.31,151.76,3936421,22f6eacbf1b1de09a06b81f095898ffbc6623613
/Volumes/未命名/大模型/原图1/DAP02012.JPG,2000,1333,landscape,105.86,29.48,0.044,0.0,147.55,84.45,85.6,961001,3851491ef52684e431997262eeb36732e8faa8f3
/Volumes/未命名/大模型/原图1/DAP03158.JPG,2000,1333,landscape,60.46,3.74,1.365,0.051,65.74,57.57,58.06,836623,4cafd2c31f98029beecc6cf99d8f2149a93ea640
/Volumes/未命名/大模型/原图1/DAP01642.JPG,2000,1333,landscape,78.11,15.78,0.363,3.196,100.38,65.77,68.19,892513,eee16827bd8edd94e3b72d11031e5d3fecde6bcf
/Volumes/未命名/大模型/原图1/AAA03055.JPG,2666,4000,portrait,122.38,8.87,0.005,0.0,121.74,111.84,133.55,4646357,7293efabca5a4fab552dd3b3d699d6526f3b6d36
/Volumes/未命名/大模型/原图1/DSC01404_副本.JPG,1125,2000,portrait,147.81,9.94,0.214,0.005,153.67,133.81,155.95,2315653,5ae1960e0035191c77bdfe18061fe1f0119e8f82
/Volumes/未命名/大模型/原图1/DSC03398.JPG,2000,1333,landscape,157.62,10.83,0.002,6.815,142.5,163.09,167.27,2679501,cccc699af52ddd8a46d0f6d12decded9d95163c4
/Volumes/未命名/大模型/原图1/DAP02240.JPG,1333,2000,portrait,69.02,3.07,0.579,0.94,73.35,66.94,66.76,813647,e01becf1f6edec64e84084da24f26b7ec2a1edfe
/Volumes/未命名/大模型/原图1/DAP08835.JPG,2000,1333,landscape,137.22,17.37,0.0,0.053,161.24,129.64,120.78,1235484,8ee8b77f30c8b725d6cb45bb27ae5cb610391e7d
/Volumes/未命名/大模型/原图1/DSC00053.JPG,1439,1079,landscape,177.36,18.46,0.016,6.763,201.83,157.24,173.0,380351,5be24885a1a3f0c13796152f731f4d6792f28aaf
/Volumes/未命名/大模型/原图1/AAA00774.JPG,4000,2666,landscape,141.37,13.93,0.021,0.039,144.56,122.93,156.61,1841474,18dffa4db84c94072eb0ec9bb42dea543377218f
/Volumes/未命名/大模型/原图1/DAP00026 3.JPG,1333,2000,portrait,56.23,11.6,0.676,0.005,56.11,70.51,42.09,1620025,7539c093378b1b45f03f433f1983501ea6a95f12
/Volumes/未命名/大模型/原图1/DAP02637(1).JPG,2000,1333,landscape,114.08,11.09,0.034,3.21,99.49,116.36,126.37,969794,afaee43922611eb57c5a4fbd889b587f9ef4806d
/Volumes/未命名/大模型/原图1/DSC00676.JPG,2000,1333,landscape,99.18,9.67,0.887,0.48,107.58,85.62,104.33,919340,d89c0631ad7d95a34028c00e7e3f6e2064f47385
/Volumes/未命名/大模型/原图1/DAP05954.JPG,1333,2000,portrait,33.42,4.23,39.488,0.115,39.02,32.46,28.78,889040,3398ffc69704f6dbcc3050fc8ec67f7412705631
/Volumes/未命名/大模型/原图1/DSC05498(1).JPG,2000,1333,landscape,140.29,5.94,0.0,0.002,132.37,141.84,146.66,1155754,b5c0331c6cf8aa6116fe7f9c82c401c034ed23e8
/Volumes/未命名/大模型/原图1/483A6191.JPG,4176,2784,landscape,48.81,7.51,1.268,0.094,51.22,38.64,56.55,4775721,d867b27afbd8b0e95c4d488f94a67c4427d40f5d
/Volumes/未命名/大模型/原图1/DAP07456.JPG,2000,1333,landscape,104.31,4.49,0.076,0.407,110.65,100.94,101.33,1278241,16343911bdce9e6a3989730e3313715b6d437620
/Volumes/未命名/大模型/原图1/AAA02024.JPG,2666,4000,portrait,106.2,9.46,0.007,0.0,102.61,96.84,119.16,3631456,0c0650912418b4d18b18aec34277da867f504fb4
/Volumes/未命名/大模型/原图1/DAP04634.JPG,2000,1333,landscape,111.95,18.5,0.138,2.318,138.11,98.62,99.12,1462158,b6244b3303ed115af6122d41ed337dea5fcc8dac
/Volumes/未命名/大模型/原图1/058A1569.JPG,4000,2667,landscape,164.54,8.71,0.919,2.987,173.95,166.72,152.95,3177509,8d6f3d389c55f0bdef8229e9c0feb0fbfdcf300c
/Volumes/未命名/大模型/原图1/DAP01837 2.JPG,2000,1333,landscape,150.6,6.04,0.0,0.0,143.94,149.29,158.56,872881,9f6336586e1a8e38af00dfa67b8c9497f5c7cb6f
/Volumes/未命名/大模型/原图1/DAP04182.JPG,2000,1333,landscape,115.96,2.87,0.055,2.81,118.57,117.35,111.96,636328,ec3c372ae40483a63c3152036e07bdc471bd4984
/Volumes/未命名/大模型/原图1/DAP02263 2.JPG,2000,1333,landscape,72.76,2.7,0.439,0.443,76.49,70.19,71.6,1033170,97ac49746aa592a75e1082503df79f6593d41012
/Volumes/未命名/大模型/原图1/DSC04342(1).JPG,2000,1333,landscape,159.02,8.01,0.0,0.163,147.93,166.59,162.54,1356848,eb9f33900a4f16d1c468f791a0f50a100b7ff5ef
/Volumes/未命名/大模型/原图1/AAA02939.JPG,2666,4000,portrait,104.2,11.4,0.048,0.0,114.22,88.25,110.13,2177462,07182bd0cc9d55e127f53772407666322938d2cd
/Volumes/未命名/大模型/原图1/DSC04764(1).JPG,2000,1333,landscape,124.64,0.57,0.0,0.207,123.88,125.24,124.81,908569,187e3f9b75be2c60f4898cc24e8af4cdab9e655a
/Volumes/未命名/大模型/原图1/DAP04586.JPG,1333,2000,portrait,68.73,33.64,0.43,0.0,116.29,43.84,46.06,872392,5b63fe669a2caed66348fa98b868a506b3155f6d
/Volumes/未命名/大模型/原图1/DAP02292 2.JPG,2000,1333,landscape,58.84,6.36,2.946,0.051,67.58,56.32,52.62,784659,70472718598587717a8870e2c0a60d1d5d98d8f1
/Volumes/未命名/大模型/原图1/DAP00055 2.JPG,2000,1333,landscape,114.76,14.16,24.396,0.007,109.15,100.92,134.22,763257,37fe0b3daab79f1dc9b056efa884c404d234ddfa
/Volumes/未命名/大模型/原图1/DAP09841 3.JPG,2000,1333,landscape,103.61,28.91,0.106,0.924,144.14,87.96,78.72,1447162,9a5ffc17b00615e791c28f5f20d31f3e125e6109
/Volumes/未命名/大模型/原图1/DAP02626 2.JPG,2000,1333,landscape,42.17,2.25,2.05,0.0,44.01,39.0,43.48,586405,e1c6425fbd8c4284ed2a08e820145f714b2752d7
/Volumes/未命名/大模型/原图1/DAP02509.JPG,2000,1333,landscape,154.23,13.34,0.122,0.0,136.14,158.65,167.89,770390,4e6a2a986eaa68c9a2da5b2de1fc5ff93b0fa17b
/Volumes/未命名/大模型/原图1/DAP05824.JPG,2000,1333,landscape,54.1,8.55,1.735,0.064,65.5,51.88,44.92,977309,d14397c1cb271e56f267b4e866032176f4fc04e4
/Volumes/未命名/大模型/原图1/DAP00400.JPG,1333,2000,portrait,118.89,10.32,0.028,0.0,129.21,122.66,104.8,1262532,a9df10e747481df913168d97fdf57bf70faaca56
/Volumes/未命名/大模型/原图1/058A1941.JPG,4000,2667,landscape,148.87,3.1,0.037,2.528,145.7,147.83,153.08,3177892,1af53c1420439e704e0db8deb687aa081d99ac61
/Volumes/未命名/大模型/原图1/AAA03465.JPG,4000,2666,landscape,105.1,12.17,0.0,0.0,107.14,89.27,118.87,2505721,b965114042c7b36616ebee1e7d446bc6b5d0944e
/Volumes/未命名/大模型/原图1/DAP00704 2.JPG,1333,2000,portrait,43.79,6.21,5.358,0.041,45.5,50.4,35.47,1072790,8936a82dfd1de17232801ddd8a7aa2a970047f24
/Volumes/未命名/大模型/原图1/PANA2444.JPG,4000,2666,landscape,92.53,4.34,3.012,0.264,97.53,93.11,86.95,2571567,c54995d7f25671ef437b1e99cd9dbd404da0c4bc
/Volumes/未命名/大模型/原图1/DAP04120.JPG,2000,1333,landscape,84.99,1.51,0.234,0.115,86.59,85.42,82.96,962784,c095d07f877ad2c1dd2973d8787ba7dafda8126b
/Volumes/未命名/大模型/原图1/DAP03270.JPG,1333,2000,portrait,57.49,7.93,0.074,0.142,64.7,61.32,46.44,878506,6989e795bf845b1bfcd01f5bd6c04a3bd66b45a3
/Volumes/未命名/大模型/原图1/DAP02679.JPG,2000,1333,landscape,187.23,11.81,0.005,14.407,170.76,193.11,197.83,775260,3d3c289e9bb445382a9ac89364e55f6e232de45e
/Volumes/未命名/大模型/原图1/DAP09937 3.JPG,2000,1333,landscape,153.25,8.31,0.016,6.218,163.72,152.65,143.39,597560,eceec954736315f6899348227cf82dc166a13023
/Volumes/未命名/大模型/原图1/AAA03831.JPG,4000,2666,landscape,99.79,10.5,0.0,0.0,114.09,89.19,96.08,3780064,e041972843ae225ed69b56074bf578908ad662ae
/Volumes/未命名/大模型/原图1/DSC01481.JPG,1125,2000,portrait,177.0,12.68,0.003,0.016,190.31,159.94,180.76,2531953,e8d5f30aef28cefe01adefb91038c8d6ee81e15a
/Volumes/未命名/大模型/原图1/AAA04147_副本.JPG,4000,2666,landscape,122.46,11.33,0.016,0.0,126.07,107.14,134.18,2676196,1b6ea66f14b481fbcbf897492653cdd195214f04
/Volumes/未命名/大模型/原图1/DAP03341.JPG,1333,2000,portrait,70.71,14.55,1.484,0.273,87.78,72.13,52.22,970279,6e08c0f11c9b76c6f1a110fff8e9be654e8fc99f
/Volumes/未命名/大模型/原图1/DSC01690_副本.JPG,2000,1125,landscape,192.35,10.91,0.0,1.755,202.54,177.22,197.28,3461021,301d10cc1701e4ea25295b4a367c3c18996c4d65
/Volumes/未命名/大模型/原图1/DAP00994 3.JPG,1333,2000,portrait,136.99,18.21,4.777,0.905,162.64,126.16,122.17,805775,f33fd0f49812a8020a4f81a20090a6e623bd759d
/Volumes/未命名/大模型/原图1/DSC02254.JPG,2000,1125,landscape,163.77,17.58,0.231,0.141,188.06,147.05,156.2,3320925,d5ca0471c0ff843bd3d07be32d43025399f696a2
/Volumes/未命名/大模型/原图1/AAA04365.JPG,4000,2666,landscape,124.18,19.84,0.002,3.932,150.65,119.0,102.89,2163189,d96abc9d73be201ec10eadca7a6e9b3b0374a5f9
/Volumes/未命名/大模型/原图1/DSC04611(1).JPG,2000,1333,landscape,164.22,10.7,0.0,0.122,149.11,171.08,172.46,1380076,2c929a1e558e8d28b559dcefb2f78ef915454820
/Volumes/未命名/大模型/原图1/DSC06032.JPG,2000,1333,landscape,43.95,0.32,0.579,0.041,44.34,43.56,43.95,449249,d86414299a2ef696cbea39be19b322349ad3d031
/Volumes/未命名/大模型/原图1/PANA2267.JPG,4000,2666,landscape,132.85,7.37,0.896,1.464,139.51,136.46,122.57,2840965,8429113618291d2670301239f937786079676438
/Volumes/未命名/大模型/原图1/DAP07086.JPG,1333,2000,portrait,100.82,7.59,0.912,0.147,110.88,99.02,92.56,960133,a1800fd056010597815c350129470684a4a05361
/Volumes/未命名/大模型/原图1/DAP02671.JPG,2000,1333,landscape,160.3,14.53,0.011,3.909,140.44,165.68,174.78,798637,532bc0f66c273fa3073fafd1e788e5a1bf348be2
/Volumes/未命名/大模型/原图1/DAP01876 2.JPG,2000,1333,landscape,101.7,8.28,0.271,0.0,112.57,100.02,92.5,1424320,adb4f014e2e8b24506508805c445b4e4f539382f
/Volumes/未命名/大模型/原图1/AAA04323.JPG,4000,2666,landscape,144.84,6.35,0.014,1.556,153.72,141.51,139.29,1817298,d579f3b38d43bca27fafb3ef59f5d7ea22835a49
/Volumes/未命名/大模型/原图1/DSC00707.JPG,2000,1333,landscape,121.29,11.63,0.248,1.581,137.72,113.72,112.44,1091131,90b2c5e55d06792c449d088444682b684dd55f1f
/Volumes/未命名/大模型/原图1/DSC05708.JPG,4000,2666,landscape,122.87,12.57,0.046,5.676,140.38,116.8,111.45,2663724,2cd94a3be2cba8da3326858afd8be434e7e00056
/Volumes/未命名/大模型/原图1/DAP00436.JPG,2000,1333,landscape,60.54,10.05,0.205,0.0,64.2,70.6,46.81,1751769,8b1a90fc3d57cd239c05af14dbb7cb85dfb2a07b
/Volumes/未命名/大模型/原图1/DAP00066.JPG,2000,1333,landscape,43.68,6.45,6.923,0.0,50.39,34.98,45.68,625621,75af1c58dec2b91601a615f20fb92aab3825cfa3
/Volumes/未命名/大模型/原图1/DSC01542_副本.JPG,2000,1125,landscape,198.47,11.35,0.0,1.56,202.15,183.09,210.15,3101759,f1fa4f279727d8b2e6ab99296ba062e65604d916
/Volumes/未命名/大模型/原图1/AAA02597.JPG,4000,2666,landscape,103.11,9.54,0.002,0.0,104.11,90.96,114.26,1966145,1920c8bc11b04897f41e73bb810b99478cddae53
/Volumes/未命名/大模型/原图1/DAP04714.JPG,2000,1333,landscape,126.61,6.16,0.018,2.358,129.29,132.44,118.08,1104180,8434a4a7acbe2e25921e057e043da8ff3367b514
/Volumes/未命名/大模型/原图1/AAA03008.JPG,4000,2666,landscape,105.89,7.41,0.0,0.0,106.23,96.66,114.79,4388607,501a9748bbc59d20ad701f57f29a9436422c89dc
/Volumes/未命名/大模型/原图1/DAP00051 4.JPG,2000,1333,landscape,91.12,41.99,0.733,0.0,150.03,68.22,55.12,1163602,5e4629634997bffe4a84fb7cef99d3e8748408fa
/Volumes/未命名/大模型/原图1/DAP01417.JPG,1333,2000,portrait,81.66,36.09,0.278,0.0,132.63,53.87,58.49,997464,09a23cd1c6d46cd03b449df863771453a550e9fe
/Volumes/未命名/大模型/原图1/DAP02140(1).JPG,2000,1333,landscape,137.72,23.3,0.0,7.865,109.38,137.32,166.45,1164333,b1b200dff044adfd01b38f7944c876c9a0b703bf
/Volumes/未命名/大模型/原图1/058A1415.JPG,4000,2667,landscape,123.78,2.13,0.29,9.791,124.86,120.8,125.68,2112144,c4ea2042b3ad45fe9d82c0507d0894bc55282cd4
/Volumes/未命名/大模型/原图1/DAP00687.JPG,1333,2000,portrait,95.43,5.15,0.0,0.0,98.65,99.48,88.17,1266503,3d065e67736910b75dafe4b7ad0b178de560d8e8
/Volumes/未命名/大模型/原图1/DAP09505.JPG,2000,1333,landscape,88.75,5.1,0.0,0.0,95.55,83.27,87.44,870981,d996756e26c1f46997911e50dcfc530dace2cc28
/Volumes/未命名/大模型/原图1/DAP04224 2.JPG,1333,2000,portrait,83.15,3.04,0.055,0.177,86.84,83.21,79.4,830490,cc835d92efaadcc8b3305bf44d96753e9ffd400f
/Volumes/未命名/大模型/原图1/DSC05182(1).JPG,2000,1333,landscape,60.96,5.16,0.129,0.053,68.24,57.55,57.07,635530,692e233e9301c077a6afac391c5cea7308a1897e
/Volumes/未命名/大模型/原图1/DSC05413.JPG,4000,2666,landscape,135.61,2.59,0.011,0.393,133.16,139.18,134.47,4535041,5fbc7bd303d3f78aac0afdf751403767013396ad
/Volumes/未命名/大模型/原图1/DAP08116.JPG,2000,1333,landscape,118.0,40.02,0.099,0.0,174.29,94.86,84.83,1260522,937435b1c0f76bfd732232562313e3b0154843ff
/Volumes/未命名/大模型/原图1/AAA01638.JPG,2666,4000,portrait,137.87,8.86,0.037,0.025,137.6,127.16,148.85,2246744,88c5509500fd4617823889e829e82b29f9e08008
/Volumes/未命名/大模型/原图1/DAP07309.JPG,2000,1333,landscape,78.0,8.6,1.379,0.386,89.21,76.5,68.29,982959,347a8256f80fa3025f216ce798d5de2bd9a7e665
/Volumes/未命名/大模型/原图1/DSC04120.JPG,2000,1333,landscape,47.16,5.33,0.087,0.0,40.42,47.61,53.45,785970,73780f0a28cb504820179534d54b1df029b246e7
/Volumes/未命名/大模型/原图1/DSC06057.JPG,4000,2666,landscape,83.62,6.15,0.0,1.997,91.81,82.08,76.97,1889947,6e9f98fc3f31215dd85dee3e166e8f4eb4706b12
/Volumes/未命名/大模型/原图1/AAA00161.JPG,2666,4000,portrait,103.36,9.96,0.0,0.0,117.4,97.37,95.31,3319740,a4e584ad2e6adf0108e5fda84da483dcc3fc63c4
/Volumes/未命名/大模型/原图1/DSC05094(1).JPG,2000,1333,landscape,68.68,0.44,4.221,0.099,69.26,68.58,68.19,732181,9d1c407c8ee4061682ce3e2ef1d23b1ed2146b73
/Volumes/未命名/大模型/原图1/DAP07215.JPG,2000,1333,landscape,119.31,8.36,0.113,0.0,127.25,107.75,122.92,1173106,0299aa5247d927aaffaf4bc943d619eff6617937
/Volumes/未命名/大模型/原图1/AAA04037.JPG,2666,4000,portrait,117.92,8.25,0.021,0.0,118.02,107.77,127.97,2088188,43d476060ab8f683bb9015a4b9689b2bb97b6d28
/Volumes/未命名/大模型/原图1/DAP04262 2.JPG,1333,2000,portrait,50.74,15.01,5.041,0.947,66.29,55.46,30.46,1106639,a98fcc58365b7c22ea728e0ce2305f1c8e2b245d
/Volumes/未命名/大模型/原图1/DAP07319.JPG,2000,1333,landscape,64.65,10.29,2.557,0.191,77.74,63.62,52.59,801878,73482ee38e4c7bbd7ac695a21539a9c2cb774a72
/Volumes/未命名/大模型/原图1/DSC02195.JPG,2000,1125,landscape,193.32,11.42,0.0,0.838,200.21,177.22,202.52,3368576,6e46deda0afa4ab20e79ada9d9e41eb1f08449ca
/Volumes/未命名/大模型/原图1/DSC00961.JPG,4000,2666,landscape,100.48,0.35,0.03,0.011,100.05,100.49,100.89,3412545,e433eced574a9f77851c12276c03a12fe7129324
/Volumes/未命名/大模型/原图1/DAP07056.JPG,1333,2000,portrait,102.84,7.76,0.308,1.259,113.02,101.3,94.2,1074246,a96c3edc26267af96e85bbd11529d87ba3318f6e
/Volumes/未命名/大模型/原图1/AAA01673.JPG,2666,4000,portrait,150.09,8.75,0.0,0.074,153.63,138.05,158.59,2803931,f9300aa0158cbd7679d8921f8d5ecdf8722a65ee
/Volumes/未命名/大模型/原图1/DAP00576.JPG,2000,1333,landscape,111.83,2.41,0.007,0.0,114.96,109.09,111.44,944429,c1a64ae67c95723200791936b631a54404eaf8e9
/Volumes/未命名/大模型/原图1/DAP05432.JPG,2000,1333,landscape,68.38,19.35,0.149,0.0,79.91,84.12,41.12,1950264,6b9c07dab2e1e89273283809837b553b07520b1a
/Volumes/未命名/大模型/原图1/DSC02125.JPG,2000,1125,landscape,187.12,10.04,0.0,3.771,197.71,173.62,190.03,3015049,8890170ae287f30046017b54daf49cd0629442f4
/Volumes/未命名/大模型/原图1/DAP03674.JPG,1333,2000,portrait,92.07,2.86,5.437,0.0,96.04,90.78,89.39,888562,42c9bb63129d8729c0c18fe5ebbbc6e80b6647e9
/Volumes/未命名/大模型/原图1/AAA02333.JPG,4000,2666,landscape,88.08,5.7,0.0,0.0,85.44,82.81,95.99,5451301,2def8c5b5bc8dddc99840b4965637fbd83bfb1b4
/Volumes/未命名/大模型/原图1/DSC00185.JPG,1437,1079,landscape,138.92,46.17,0.057,1.019,203.94,101.31,111.5,361484,7661ad2d3f174bb5406d9a1f7097dcf6f7862446
/Volumes/未命名/大模型/原图1/DAP02126 2.JPG,2000,1333,landscape,94.01,6.46,0.223,0.016,103.14,89.28,89.61,1408295,fd7a1c49ffde2843cfbad0fe160d550853af79c9
/Volumes/未命名/大模型/原图1/DAP02365.JPG,2000,1333,landscape,115.94,15.65,0.326,0.188,93.8,126.68,127.32,922811,21ad1e240a0cd43f3920cac7807c4a2b8653e8d6
/Volumes/未命名/大模型/原图1/DSC01425_副本.JPG,1125,2000,portrait,151.7,14.47,0.016,0.008,149.69,135.08,170.34,3227958,8725eaac9c14c34200b63933d7239c3c4140ba5f
/Volumes/未命名/大模型/原图1/DAP01900.JPG,2000,1333,landscape,101.5,21.13,0.09,0.071,131.35,87.57,85.57,1154814,ff40c84708d74a9cb14f8d5f745798fc32f68fe2
/Volumes/未命名/大模型/原图1/DAP04242 2.JPG,2000,1333,landscape,112.34,6.84,0.198,0.611,120.73,112.33,103.97,1037932,428bd7b4c6a388dd441796bf35c57e0077496a0b
/Volumes/未命名/大模型/原图1/AAA00956.JPG,2666,4000,portrait,154.14,9.75,0.021,0.0,154.79,141.88,165.74,1580148,69c5c767027a0b3c0c1b995f2f59507ee244ed94
/Volumes/未命名/大模型/原图1/AAA04826.JPG,2666,4000,portrait,101.8,11.25,0.064,0.0,111.6,86.04,107.77,2097793,1347815ff82bec2673c35854b9f032d59d15c9ea
/Volumes/未命名/大模型/原图1/DAP09884 4.JPG,2000,1333,landscape,145.07,6.51,0.007,4.269,153.03,145.11,137.08,679448,8ae6c569367c7c4d0f213e0ae8830a7acda6fc25
/Volumes/未命名/大模型/原图1/DSC05168(1).JPG,2000,1333,landscape,91.55,3.35,5.2,0.053,86.91,94.68,93.05,845297,e32e64428c811b8898cd0a960e183a0d04cf0e4b
/Volumes/未命名/大模型/原图1/DAP02122.JPG,2000,1333,landscape,128.25,13.56,0.108,1.788,146.68,123.62,114.45,1298921,3d4cdb2f85cd5ffe530a1e86a12e183877db8082
/Volumes/未命名/大模型/原图1/DSC04774(1).JPG,2000,1333,landscape,144.65,6.19,0.0,0.306,139.04,141.63,153.27,976591,8b3af3eed21a051962612473715a2efaa4c2f79c
/Volumes/未命名/大模型/原图1/AAA03013.JPG,2666,4000,portrait,107.21,8.15,0.025,0.0,106.38,97.67,117.59,2590804,e73b72c007eace64192b5c8f0ad656fbc0e14f97
/Volumes/未命名/大模型/原图1/DAP07222.JPG,2000,1333,landscape,132.0,11.12,0.101,0.0,145.3,118.09,132.61,698722,7150f08d2657b8ff446204c16c81a1b015b16b52
/Volumes/未命名/大模型/原图1/DAP07210 2.JPG,1333,2000,portrait,104.24,2.24,1.641,0.055,103.6,107.24,101.87,1162576,cb26fb58a701c8ff6ec87422c7e56437da21307f
/Volumes/未命名/大模型/原图1/DAP06928.JPG,2000,1333,landscape,115.15,10.36,0.209,0.0,114.32,102.9,128.24,1060197,8810f3faf50810a6a08d38e59ffd29f9697b9b93
/Volumes/未命名/大模型/原图1/DSC03761.JPG,2000,1333,landscape,186.65,18.47,0.0,0.547,161.4,193.52,205.04,2589329,76d18fca1af6eba9d3b6b6ab06ebb8c3c9659ead
/Volumes/未命名/大模型/原图1/DSC05001_副本.JPG,1333,2000,portrait,26.83,0.99,38.387,0.156,27.05,25.52,27.92,544068,6187f4405899d302aba02f1c832cdc553e79e8a0
/Volumes/未命名/大模型/原图1/DAP01736.JPG,2000,1333,landscape,91.95,6.1,0.032,0.765,100.19,90.05,85.6,808496,71c8559c4866d5b1a5c29bc9b07733a7182a2666
/Volumes/未命名/大模型/原图1/DAP02964.JPG,2000,1333,landscape,130.94,35.2,0.216,0.002,179.41,96.85,116.56,1706570,8f1ed7dce747df6607a30f83dc0d3583c09defd8
/Volumes/未命名/大模型/原图1/AAA04962.JPG,2666,4000,portrait,125.5,8.21,0.014,0.0,130.6,113.91,131.98,2139989,da1620c2563fcf090508a0df5a151c64e2a67df0
/Volumes/未命名/大模型/原图1/DAP03532.JPG,1333,2000,portrait,73.35,22.69,0.023,0.163,96.38,81.18,42.48,1023844,7c22ed08c85418a27ad202f629dd894305ea0214
/Volumes/未命名/大模型/原图1/DAP05969.JPG,1333,2000,portrait,51.49,15.03,6.487,0.393,70.61,49.97,33.89,1178974,dd6e3faff531cfa54619855e23726daba0e0463e
/Volumes/未命名/大模型/原图1/DAP01216 2.JPG,1333,2000,portrait,83.38,20.33,0.443,0.0,111.26,63.35,75.53,1071675,8211b157dc6a35db4daca63e77149f68dea47ebd
/Volumes/未命名/大模型/原图1/DSC04651.JPG,4000,2666,landscape,132.62,5.27,0.085,15.981,126.89,131.36,139.61,3434566,db66018a312112452ce84ecba8f0e5cf181b9276
/Volumes/未命名/大模型/原图1/DSC04050(1).JPG,2000,1333,landscape,182.8,6.58,0.0,1.048,174.2,184.04,190.17,654634,472baea60d1d156a99a8268e9ef8576e2bb02f2a
/Volumes/未命名/大模型/原图1/AAA03053.JPG,4000,2666,landscape,108.69,7.04,0.0,0.0,108.11,100.37,117.58,5038196,eda4ffe273f54edceebcb89036238d7b68f51e7b
/Volumes/未命名/大模型/原图1/DSC01455.JPG,2000,1125,landscape,182.35,12.73,0.0,4.489,197.07,166.0,183.97,2943649,1b7bfc9dac6de73441c37681ab5bd92d87dc161e
/Volumes/未命名/大模型/原图1/DSC01502.JPG,4000,2666,landscape,232.44,1.7,0.0,10.703,231.59,230.93,234.81,3046337,9ff2dac73341c5b0a4e5e1a6511a6aea506330d2
/Volumes/未命名/大模型/原图1/DAP08345.JPG,2000,1333,landscape,96.64,48.01,5.177,0.0,164.19,68.81,56.92,801823,86c187c57439630175e35fefec6089d221e6618b
/Volumes/未命名/大模型/原图1/AAA01145.JPG,4000,2666,landscape,126.48,9.08,0.005,0.0,128.5,114.49,136.44,1525239,ed9e11632a82ae69134c26e11fee87037b82ba73
/Volumes/未命名/大模型/原图1/DAP06820.JPG,2000,1333,landscape,82.62,13.05,0.023,0.0,70.21,77.0,100.64,787055,55f6856d7afd278d5c7005f1b680114a5c4f073c
/Volumes/未命名/大模型/原图1/AAA00152.JPG,4000,2666,landscape,97.79,18.19,0.039,0.039,122.41,91.98,78.99,3014293,fdfc4196840c84de998ff618e858ee284a03002c
/Volumes/未命名/大模型/原图1/DSC05430.JPG,4000,2666,landscape,96.17,4.53,0.101,0.0,89.78,98.84,99.88,2059038,d119af37853b546121b482ef936f3da23fc22524
/Volumes/未命名/大模型/原图1/DAP09342 2.JPG,1333,2000,portrait,167.68,4.11,0.0,19.724,170.61,170.57,161.86,947798,e7fa44d92a2ab30ae8fd2bc37a3b100140e9dbe2
/Volumes/未命名/大模型/原图1/DAP07324.JPG,2000,1333,landscape,52.42,7.47,7.856,0.407,62.23,50.92,44.12,938819,eb7051e74715f0888e7fad6c28e0e78c5a5b05ed
/Volumes/未命名/大模型/原图1/DAP07001 2.JPG,1333,2000,portrait,125.49,1.38,0.016,5.03,126.0,126.86,123.6,1145394,442618e86b933cdec7654b6273ea97d1a31738b2
/Volumes/未命名/大模型/原图1/DAP00019 3.JPG,1333,2000,portrait,75.19,7.26,0.981,0.002,78.62,81.86,65.09,1439632,1b105addeab63e174776b3ef589224d25f38e4b7
/Volumes/未命名/大模型/原图1/AAA04793.JPG,2666,4000,portrait,112.96,8.7,0.009,0.0,114.14,101.76,122.97,2614820,bdb92ec51973aaaef5678d76655472767fb63fc4
/Volumes/未命名/大模型/原图1/DAP07588.JPG,2000,1333,landscape,135.53,10.39,0.009,0.016,127.44,128.95,150.2,1067325,5cbe3c3e6d2d94425eada69d85dfd261ccd29e8f
/Volumes/未命名/大模型/原图1/DAP02260.JPG,2000,1333,landscape,75.95,1.98,0.597,0.478,77.16,73.17,77.53,1087732,dc85f8a749d04a8570dd04ce9e91841d04b0f6ba
/Volumes/未命名/大模型/原图1/DAP03397.JPG,2000,1333,landscape,69.66,7.21,0.85,0.032,78.81,68.98,61.2,798801,4bfcaee8561e50aa56bed53a173714aa5dc227f4
/Volumes/未命名/大模型/原图1/DSC01621(1).JPG,2000,1333,landscape,157.39,4.15,0.055,1.034,153.58,155.44,163.16,2657037,31eeb216985a764211dd141d57b529b0a2020ef9
/Volumes/未命名/大模型/原图1/AAA00887.JPG,2666,4000,portrait,150.43,8.13,0.0,0.0,149.71,140.85,160.72,2224013,8d341d61132dc9298d65b1f02bbb7e6d3973ce73
/Volumes/未命名/大模型/原图1/DAP09296 2.JPG,1333,2000,portrait,83.68,1.7,0.786,0.0,86.0,81.97,83.08,987198,3b67fc9339cd9d25f41be3310780e47055dc68dc
/Volumes/未命名/大模型/原图1/DAP09953 3.JPG,2000,1333,landscape,77.18,5.38,1.528,0.269,80.16,81.76,69.62,1627221,2d245a435ad99863ebe1d0ea4c0a54378e83ddc3
/Volumes/未命名/大模型/原图1/DSC04104.JPG,1333,2000,portrait,45.71,5.87,0.363,0.002,38.29,46.17,52.66,1004881,4759605735d64e88062bb60161c33c979ae49a2c
/Volumes/未命名/大模型/原图1/AAA03957.JPG,2666,4000,portrait,108.33,9.14,0.0,0.0,108.56,97.03,119.41,2821002,79ddd23ea0002a34e553ad5ccb046f7721239bc5
/Volumes/未命名/大模型/原图1/DAP00773 2.JPG,1333,2000,portrait,93.58,3.03,0.372,0.0,95.2,96.2,89.33,1119463,cd2c04febc5c2adcbf737da287de7feb2b030c3c
/Volumes/未命名/大模型/原图1/DAP08827.JPG,2000,1333,landscape,113.11,6.51,0.418,0.152,122.04,110.6,106.68,1391734,85233efed7fb419265a7abd4a9306e262d23342e
/Volumes/未命名/大模型/原图1/DAP03255.JPG,2000,1333,landscape,115.34,14.9,0.641,2.858,135.03,111.95,99.02,974687,aea745aee35dfc02a256a5664d2973e70dc46197
/Volumes/未命名/大模型/原图1/DAP05903.JPG,1333,2000,portrait,18.28,2.19,3.879,0.09,20.75,18.67,15.42,528000,75383ccd2bec697d978ef2530d6c207e518355bd
/Volumes/未命名/大模型/原图1/DSC03814(2).JPG,2000,1333,landscape,150.15,6.89,2.831,6.629,140.45,154.13,155.86,2554112,d6e018253482998ad34e80dc395bd943bcf28366
/Volumes/未命名/大模型/原图1/DAP09715 3.JPG,1333,2000,portrait,124.26,10.29,0.007,0.0,137.33,123.25,112.19,700654,cee7c105de448908eb4958327aa8356280031298
/Volumes/未命名/大模型/原图1/DAP09677 2.JPG,2000,1333,landscape,110.77,1.08,0.057,0.377,112.01,109.37,110.92,1103045,bb636c3459d33b12f09a295d4927a3880092b430
/Volumes/未命名/大模型/原图1/DAP09759 4.JPG,2000,1333,landscape,161.35,8.78,0.007,0.0,172.32,160.9,150.84,730787,47afd426d1362871328e0447a3563cc8d8106b96
/Volumes/未命名/大模型/原图1/DAP03742.JPG,1333,2000,portrait,93.39,4.26,11.211,0.195,98.55,93.49,88.12,744427,97c019cb239f5724727ee9b74a271edf099bc3b9
/Volumes/未命名/大模型/原图1/DAP05502.JPG,2000,1333,landscape,87.27,15.65,0.0,0.705,103.13,92.7,65.97,1845984,a29d953b08054ef9f367995f67fc250072c9e1d1
/Volumes/未命名/大模型/原图1/DAP02992.JPG,2000,1333,landscape,81.51,23.2,0.446,0.016,114.12,62.04,68.37,1133904,b53ef87c67f8946d364367d4fe234edf948b1fc7
/Volumes/未命名/大模型/原图1/DAP07711.JPG,2000,1333,landscape,45.54,3.47,18.373,1.965,46.04,41.06,49.51,822566,58ff1f79b55d064970f673f4e82c9484aa93798b
